CNT_CHILDREN,count,rate
0,70318,0.6693191444807204
1,22660,0.21568832751120798
2,10413,0.09911573496797038
3,1446,0.013763694685843193
4,170,0.0016181383793868207
5,33,3.1410921482214756E-4
6,11,1.0470307160738252E-4
7,4,3.807384422086637E-5
8,1,9.518461055216593E-6
9,1,9.518461055216593E-6
11,1,9.518461055216593E-6
14,1,9.518461055216593E-6
